{
  "train_losses": [
    0.76512, 0.52341, 0.46102, 0.41588, 0.38245,
    0.35412, 0.33987, 0.32105, 0.31566, 0.30122,
    0.29845, 0.28566, 0.27412, 0.26889, 0.25541,
    0.24899, 0.24123, 0.23655, 0.22411, 0.21899,
    0.20566, 0.19845, 0.19233, 0.19455, 0.18566,
    0.18211, 0.17654, 0.17122, 0.16899, 0.16233,
    0.16455, 0.15566, 0.15211, 0.14988, 0.14822,
    0.14233, 0.14455, 0.13866, 0.13622, 0.13211,
    0.13455, 0.12866, 0.12622, 0.12455, 0.12211,
    0.12544, 0.11966, 0.11822, 0.11655, 0.11422
  ],
  "val_losses": [
    0.59234, 0.48567, 0.43211, 0.41567, 0.42899,
    0.39544, 0.38123, 0.38567, 0.36455, 0.36899,
    0.35211, 0.34123, 0.33567, 0.34899, 0.33211,
    0.31567, 0.32123, 0.30899, 0.30211, 0.29123,
    0.29567, 0.28123, 0.26899, 0.27544, 0.26123,
    0.27211, 0.26455, 0.25123, 0.25455, 0.25899,
    0.26211, 0.24567, 0.24899, 0.24123, 0.24544,
    0.23567, 0.23123, 0.23899, 0.22845, 0.23211,
    0.22567, 0.22899, 0.21945, 0.22211, 0.21856,
    0.22411, 0.21523, 0.21145, 0.21456, 0.20988
  ],
  "val_miou_history": [
    0.38567, 0.45123, 0.49567, 0.55123, 0.52899,
    0.56455, 0.59123, 0.57899, 0.60567, 0.59899,
    0.61567, 0.60899, 0.63567, 0.60899, 0.61211,
    0.64899, 0.63567, 0.64211, 0.65544, 0.66123,
    0.65899, 0.67211, 0.68544, 0.68123, 0.69567,
    0.68211, 0.68899, 0.70123, 0.69845, 0.69211,
    0.69544, 0.71211, 0.70899, 0.71544, 0.71211,
    0.72567, 0.72899, 0.71845, 0.73211, 0.75544,
    0.73567, 0.73123, 0.74211, 0.73899, 0.74123,
    0.73544, 0.72567, 0.70899, 0.73211, 0.71012
  ]
}