{
    "acceleration_x": {
        "min": -0.0587776750326156,
        "max": 0.0149241909384727
    },
    "acceleration_y": {
        "min": -9.850152969360352,
        "max": 0.0
    },
    "acceleration_z": {
        "min": -0.260703980922699,
        "max": 0.5507420301437378
    },
    "global_x": {
        "min": 15.8624906539917,
        "max": 15.888776779174805
    },
    "global_y": {
        "min": 88.5931625366211,
        "max": 93.78822326660156
    },
    "global_z": {
        "min": 0.0012736320495605,
        "max": 0.0018851661588996
    },
    "steer": {
        "min": -0.0006155604496598,
        "max": 0.0001757331192493
    },
    "velocity_x": {
        "min": -0.0231235641986131,
        "max": 0.0
    },
    "velocity_y": {
        "min": -4.582391738891602,
        "max": 0.0
    },
    "velocity_z": {
        "min": -0.0021036053076386,
        "max": 0.00142759794835
    }
}