{
  "train_losses": [
    0.7431748982879424,
    0.5042039275730169,
    0.4395477320718509,
    0.40236138388194065,
    0.37783116198355154,
    0.36152786665385767,
    0.35123280764267006,
    0.3404793421467466,
    0.32867954817590533,
    0.3252373043327562,
    0.3159570014004105,
    0.31038398403794537,
    0.30551171408946154,
    0.29735018923798556,
    0.29235083111111193,
    0.2819766160901836,
    0.28027766542409055,
    0.2733263458295535,
    0.2666911059810269,
    0.2558961769425741,
    0.23323583380589563,
    0.22821346419032223,
    0.2157243441550001,
    0.21296624475789647,
    0.21342323510156525,
    0.20212156761197314,
    0.20475634376728727,
    0.20204060197237037,
    0.19749750177906725,
    0.19150024700549342,
    0.1930747584349686,
    0.18794295448128895,
    0.18626737177011468,
    0.183706869851918,
    0.1831602654770337,
    0.18120358864306121,
    0.17908327246425293,
    0.17565177549277583,
    0.17606471453903502,
    0.17486074897310427,
    0.17143050568198326,
    0.17163911213477454,
    0.1689125210227024,
    0.16766339504430372,
    0.1651068428751602,
    0.16462350264191628,
    0.16260996424863416,
    0.16207858414379178,
    0.15951728323093986,
    0.15943334023317984
  ],
  "val_losses": [
    0.5799341413974762,
    0.4719534044265747,
    0.44698173403739927,
    0.40068572521209717,
    0.4147932982444763,
    0.3803731873035431,
    0.37278901028633116,
    0.37705155515670774,
    0.360435652256012,
    0.36034053516387937,
    0.3592183874845505,
    0.3526351976394653,
    0.3450042757987976,
    0.3579522923231125,
    0.3534002823829651,
    0.32860976934432984,
    0.33761942195892336,
    0.3299913413524628,
    0.32587552881240844,
    0.3108004710674286,
    0.31631137132644654,
    0.3023374793529511,
    0.2885036264657974,
    0.29593312394618987,
    0.2829816747903824,
    0.2979824707508087,
    0.290892454624176,
    0.275084579706192,
    0.27679815220832826,
    0.28134476006031034,
    0.29832938706874845,
    0.279240664601326,
    0.27991351795196534,
    0.27315982222557067,
    0.28176817345619204,
    0.2721891461610794,
    0.26434170973300936,
    0.2751285504102707,
    0.26582285583019255,
    0.27037097680568695,
    0.2664725069999695,
    0.27039847028255465,
    0.26144591796398164,
    0.2642450444698334,
    0.26385567378997804,
    0.26562433302402494,
    0.2629386855363846,
    0.25554519760608674,
    0.2585083295106888,
    0.2602812349796295
  ],
  "val_miou_history": [
    0.39194807910128436,
    0.4277970224847457,
    0.5010907792595624,
    0.5622522716517743,
    0.5297369965712071,
    0.5767713047226716,
    0.6027989126203174,
    0.5891940697422422,
    0.6110078807244311,
    0.6040519820348553,
    0.6225583472057118,
    0.6133072981029782,
    0.6424894312200305,
    0.6141568050049331,
    0.6033708758590411,
    0.6453825159624798,
    0.6209388704582148,
    0.628245594062262,
    0.6414139066139234,
    0.6380161750699029,
    0.6224807918521615,
    0.6434354603661229,
    0.6513941185571889,
    0.6516322864737353,
    0.674824061179849,
    0.6447087901403118,
    0.6365692881548651,
    0.6738157073411554,
    0.6721592322728519,
    0.6549396986304296,
    0.6584419410650584,
    0.6705050664372658,
    0.6669168203362814,
    0.6683924475668657,
    0.6605969947803069,
    0.6822118084543526,
    0.6882719388478913,
    0.661945081300564,
    0.6968767122700072,
    0.7184712177856441,
    0.72874412174893753,
    0.7064075652035583,
    0.7657494182555746,
    0.694332650555777,
    0.6907038033593581,
    0.7361909347075205,
    0.7405346388403826,
    0.7279496671339782,
    0.7620483540412991,
    0.7549991789861695
  ]
}