{
  "train_losses": [
    0.74323,
    0.50421,
    0.43951,
    0.40235,
    0.37783,
    0.36153,
    0.35121,
    0.34051,
    0.32876,
    0.32523,
    0.31602,
    0.31045,
    0.30552,
    0.29741,
    0.29234,
    0.28201,
    0.28034,
    0.27332,
    0.26672,
    0.25592,
    0.23323,
    0.22812,
    0.21567,
    0.21301,
    0.21345,
    0.20212,
    0.20487,
    0.20201,
    0.19752,
    0.19152,
    0.19312,
    0.19312,
    0.18792,
    0.18632,
    0.18372,
    0.18321,
    0.18123,
    0.17912,
    0.17563,
    0.17612,
    0.17492,
    0.17145,
    0.17142,
    0.16892,
    0.16892,
    0.16772,
    0.16773,
    0.16513,
    0.16462,
    0.16212,
    0.16211,
    0.15945
  ],
  "val_losses": [
    0.57992,
    0.47201,
    0.44701,
    0.40071,
    0.41483,
    0.38042,
    0.37282,
    0.37712,
    0.36042,
    0.36032,
    0.35922,
    0.35262,
    0.34502,
    0.35801,
    0.35342,
    0.32862,
    0.33762,
    0.33002,
    0.32592,
    0.31082,
    0.31632,
    0.30232,
    0.28852,
    0.29592,
    0.28302,
    0.29802,
    0.29092,
    0.29092,
    0.27512,
    0.27682,
    0.28132,
    0.29832,
    0.31632,
    0.30232,
    0.27322,
    0.28182,
    0.27222,
    0.26432,
    0.27512,
    0.26582,
    0.27042,
    0.26652,
    0.27042,
    0.26652,
    0.26142,
    0.26422,
    0.26392,
    0.26292,
    0.25552,
    0.25852,
    0.26032,
    0.26032
  ],
  "val_miou_history": [
    0.44192,
    0.45782,
    0.50112,
    0.56232,
    0.53972,
    0.57682,
    0.60282,
    0.58922,
    0.61102,
    0.60412,
    0.62262,
    0.61332,
    0.64252,
    0.61422,
    0.60342,
    0.64542,
    0.62092,
    0.62822,
    0.64142,
    0.63802,
    0.62252,
    0.64342,
    0.65142,
    0.65162,
    0.67482,
    0.64472,
    0.63662,
    0.67382,
    0.67222,
    0.65492,
    0.65842,
    0.62042,
    0.67052,
    0.66692,
    0.66842,
    0.66062,
    0.68222,
    0.68832,
    0.66192,
    0.69692,
    0.67852,
    0.68742,
    0.67642,
    0.69572,
    0.69432,
    0.69072,
    0.68622,
    0.69052,
    0.70792,
    0.70202,
    0.69502,
    0.69502
  ]
}
