{
    "acceleration_x": {
        "min": -5.334413528442383,
        "max": 7.752412796020508
    },
    "acceleration_y": {
        "min": -17.27297019958496,
        "max": 2.962517738342285
    },
    "acceleration_z": {
        "min": -1.7163708209991455,
        "max": 1.3648266792297363
    },
    "global_x": {
        "min": 30.753326416015625,
        "max": 74.08626556396484
    },
    "global_y": {
        "min": -227.3348846435547,
        "max": -14.98879623413086
    },
    "global_z": {
        "min": 0.2518123984336853,
        "max": 9.396978378295898
    },
    "steer": {
        "min": -0.2335037291049957,
        "max": 0.2400389313697815
    },
    "velocity_x": {
        "min": -2.267136812210083,
        "max": 4.991190910339356
    },
    "velocity_y": {
        "min": -0.0002692487905733,
        "max": 7.545434951782227
    },
    "velocity_z": {
        "min": -0.6983513236045837,
        "max": 0.6595109701156616
    }
}